{
  "evaluation_timestamp": "2025-09-25T00:18:41.814083",
  "traditional_models": {
    "Random Forest_model.pkl": {
      "cv_mae": 0.36206862647402016,
      "cv_std": 0.24574651821976462,
      "final_train_mae": 0.22611618225673127,
      "final_val_mae": 0.38354080461640566,
      "overfitting_gap": 0.1574246223596744,
      "overfitting_ratio": 0.6962112166785799,
      "bias": 0.22611618225673127,
      "variance": 0.24574651821976462,
      "learning_curve": {
        "train_sizes": [
          3141,
          10208,
          17276,
          24343,
          31411
        ],
        "train_mae": [
          0.3896729908046368,
          0.4312891200769034,
          0.29077274591827307,
          0.23562329332867585,
          0.22611618225673127
        ],
        "val_mae": [
          1.0099801688127237,
          0.6062423428887059,
          0.4816686979665441,
          0.41017477915362505,
          0.38354080461640566
        ]
      }
    }
  },
  "neural_networks": {},
  "data_analysis": {
    "score_stats": {
      "mean": 6.2740146868433895,
      "std": 1.3089124945095894,
      "min": 1.0,
      "max": 9.0,
      "median": 6.5
    },
    "word_stats": {
      "mean": 296.34142666129,
      "std": 53.41201646274873,
      "min": 100,
      "max": 792,
      "median": 292.0
    },
    "score_imbalance": 7288.0,
    "score_distribution": {
      "1.0": 44,
      "1.5": 12,
      "2.0": 118,
      "2.5": 116,
      "2.75": 1,
      "3.0": 345,
      "3.25": 1,
      "3.5": 177,
      "4.0": 2682,
      "4.5": 2821,
      "5.0": 4758,
      "5.25": 2,
      "5.5": 4623,
      "5.75": 3,
      "6.0": 6139,
      "6.25": 2,
      "6.5": 6638,
      "6.75": 5,
      "7.0": 7288,
      "7.5": 5287,
      "7.75": 3,
      "8.0": 3513,
      "8.5": 1953,
      "9.0": 586
    }
  },
  "recommendations": [
    "\ud83d\udd34 Random Forest_model.pkl: High overfitting - consider regularization or more data",
    "\ud83d\udfe1 Data: High class imbalance - consider stratified sampling or data augmentation"
  ],
  "summary": {
    "total_models_evaluated": 1,
    "models_with_overfitting": 1,
    "data_issues": 1
  }
}