{
  "task_achievement": {
    "mse": 0.1837733509517191,
    "mae": 0.1144332883556492,
    "r2": -0.048046442454242166
  },
  "coherence_cohesion": {
    "mse": 0.1514205482379245,
    "mae": 0.07452722577375996,
    "r2": 0.004090063540978406
  },
  "lexical_resource": {
    "mse": 0.07493293894332122,
    "mae": 0.03730223960192837,
    "r2": -0.0029995202486130523
  },
  "grammatical_range": {
    "mse": 0.03244103412798032,
    "mae": 0.016736679488129486,
    "r2": -0.0011085988596042373
  },
  "overall_band_score": {
    "mse": 1.932602722857062,
    "mae": 1.118516283301734,
    "r2": -0.23193396278215328
  },
  "overall": {
    "mse": 0.47503411902360143,
    "mae": 0.27230314330424016,
    "r2": -0.055999692160726866
  }
}