{
  "dataset_info": {
    "train_size": 32981,
    "val_size": 7067,
    "test_size": 7069,
    "total_features": 15
  },
  "model_results": {
    "Linear Regression": {
      "model_name": "Linear Regression",
      "train_metrics": {
        "task_achievement": {
          "mse": 0.02332786482864501,
          "mae": 0.018888907097125842,
          "r2": 0.016534345642687298
        },
        "coherence_cohesion": {
          "mse": 0.007776261753156528,
          "mae": 0.005896253394288391,
          "r2": 0.0035677324488324613
        },
        "lexical_resource": {
          "mse": 0.0035087532598316964,
          "mae": 0.0028819790294553377,
          "r2": 0.0022185996703855126
        },
        "grammatical_range": {
          "mse": 0.0022680338434012087,
          "mae": 0.0023386268791403333,
          "r2": 0.0025489478704958657
        },
        "overall_band_score": {
          "mse": 1.5784759528545842,
          "mae": 1.0368347160791203,
          "r2": 0.08032000089486757
        }
      },
      "val_metrics": {
        "task_achievement": {
          "mse": 0.18492193885554722,
          "mae": 0.09398525289298708,
          "r2": -0.001209239517637517
        },
        "coherence_cohesion": {
          "mse": 0.14780764296313603,
          "mae": 0.07223383731639532,
          "r2": -0.006278378497515558
        },
        "lexical_resource": {
          "mse": 0.0624455692322208,
          "mae": 0.029624185250051924,
          "r2": -0.002753477306906005
        },
        "grammatical_range": {
          "mse": 5.735398049039624e-06,
          "mae": 0.001840767151716534,
          "r2": 0.0
        },
        "overall_band_score": {
          "mse": 1.6544369311678484,
          "mae": 1.0385710506797148,
          "r2": 0.09872097365166532
        }
      },
      "overall_train_metrics": {
        "mse": 0.32307137330792374,
        "mae": 0.21336809649582605,
        "r2": 0.02103792530545374
      },
      "overall_val_metrics": {
        "mse": 0.4099235635233603,
        "mae": 0.24725101865817312,
        "r2": 0.017695975665921248
      }
    },
    "Ridge Regression": {
      "model_name": "Ridge Regression",
      "train_metrics": {
        "task_achievement": {
          "mse": 0.023327875467262053,
          "mae": 0.018871080389325185,
          "r2": 0.016533897135524223
        },
        "coherence_cohesion": {
          "mse": 0.007776261978991415,
          "mae": 0.005894856030527987,
          "r2": 0.0035677035108702126
        },
        "lexical_resource": {
          "mse": 0.003508753571938252,
          "mae": 0.002877769129291612,
          "r2": 0.002218510916890293
        },
        "grammatical_range": {
          "mse": 0.0022680339987650303,
          "mae": 0.0023357052235604774,
          "r2": 0.0025488795435578693
        },
        "overall_band_score": {
          "mse": 1.5784764361405053,
          "mae": 1.0368499976559833,
          "r2": 0.0803197193141475
        }
      },
      "val_metrics": {
        "task_achievement": {
          "mse": 0.1849187298153589,
          "mae": 0.09396879997387428,
          "r2": -0.0011918650475966075
        },
        "coherence_cohesion": {
          "mse": 0.14780732707786184,
          "mae": 0.07223259391472116,
          "r2": -0.006276227942137558
        },
        "lexical_resource": {
          "mse": 0.06244516052361376,
          "mae": 0.029620092862513527,
          "r2": -0.002746914247557797
        },
        "grammatical_range": {
          "mse": 5.711071019116837e-06,
          "mae": 0.0018379582813970465,
          "r2": 0.0
        },
        "overall_band_score": {
          "mse": 1.6544889565284666,
          "mae": 1.038597217376894,
          "r2": 0.09869263206578793
        }
      },
      "overall_train_metrics": {
        "mse": 0.3230714722314924,
        "mae": 0.2133658816857377,
        "r2": 0.021037742084198018
      },
      "overall_val_metrics": {
        "mse": 0.40993317700326404,
        "mae": 0.24725133248188,
        "r2": 0.017695524965699195
      }
    },
    "Lasso Regression": {
      "model_name": "Lasso Regression",
      "train_metrics": {
        "task_achievement": {
          "mse": 0.02372006050774553,
          "mae": 0.012048987217893827,
          "r2": 0.0
        },
        "coherence_cohesion": {
          "mse": 0.007804104710767219,
          "mae": 0.003727737591576017,
          "r2": 0.0
        },
        "lexical_resource": {
          "mse": 0.0035165550877903607,
          "mae": 0.0015763785212057652,
          "r2": 0.0
        },
        "grammatical_range": {
          "mse": 0.0022738297168157563,
          "mae": 0.0009095318867266462,
          "r2": 0.0
        },
        "overall_band_score": {
          "mse": 1.64023259770826,
          "mae": 1.0606842950410593,
          "r2": 0.044338235711146146
        }
      },
      "val_metrics": {
        "task_achievement": {
          "mse": 0.18503997583856896,
          "mae": 0.08833354691822107,
          "r2": -0.0018483184648816486
        },
        "coherence_cohesion": {
          "mse": 0.14765801806908463,
          "mae": 0.07031760618467901,
          "r2": -0.005259728225103899
        },
        "lexical_resource": {
          "mse": 0.06241852323515177,
          "mae": 0.028436504945429528,
          "r2": -0.0023191715916783817
        },
        "grammatical_range": {
          "mse": 2.0684969223293035e-07,
          "mae": 0.00045480731330194146,
          "r2": 0.0
        },
        "overall_band_score": {
          "mse": 1.754141841731158,
          "mae": 1.067362964201769,
          "r2": 0.044405246637994944
        }
      },
      "overall_train_metrics": {
        "mse": 0.3355094295462758,
        "mae": 0.21578938605169232,
        "r2": 0.00886764714222923
      },
      "overall_val_metrics": {
        "mse": 0.42985171314473114,
        "mae": 0.2509810859126801,
        "r2": 0.006995605671266203
      }
    },
    "Random Forest": {
      "model_name": "Random Forest",
      "train_metrics": {
        "task_achievement": {
          "mse": 0.006429813143021564,
          "mae": 0.004315004096964308,
          "r2": 0.7289293110815642
        },
        "coherence_cohesion": {
          "mse": 0.0013766331385800634,
          "mae": 0.0011480942851656297,
          "r2": 0.8236014008524589
        },
        "lexical_resource": {
          "mse": 0.0008494867644368319,
          "mae": 0.0005372754298651028,
          "r2": 0.7584321180162118
        },
        "grammatical_range": {
          "mse": 0.0005190623517278311,
          "mae": 0.00022709684219341295,
          "r2": 0.7717232966526976
        },
        "overall_band_score": {
          "mse": 0.17100760222550507,
          "mae": 0.1823463640933383,
          "r2": 0.9003644805755163
        }
      },
      "val_metrics": {
        "task_achievement": {
          "mse": 0.17770208266080023,
          "mae": 0.0878778707495985,
          "r2": 0.037880696348847276
        },
        "coherence_cohesion": {
          "mse": 0.14909741293256606,
          "mae": 0.07217586434602141,
          "r2": -0.015059166875262209
        },
        "lexical_resource": {
          "mse": 0.06293663814599941,
          "mae": 0.0297485024291307,
          "r2": -0.010639081793232696
        },
        "grammatical_range": {
          "mse": 2.1618477115859204e-06,
          "mae": 4.4809207112872e-05,
          "r2": 0.0
        },
        "overall_band_score": {
          "mse": 0.734175180678092,
          "mae": 0.587759683353355,
          "r2": 0.6000471945802255
        }
      },
      "overall_train_metrics": {
        "mse": 0.03603651952465427,
        "mae": 0.03771476694950535,
        "r2": 0.7966101214356899
      },
      "overall_val_metrics": {
        "mse": 0.22478269525303385,
        "mae": 0.1555213460170437,
        "r2": 0.12244592845211558
      }
    }
  },
  "best_model": "Random Forest",